0.250000,0.244344
0.500000,0.690127
0.750000,0.658271
1.000000,-0.414701
1.250000,-0.151562
1.500000,0.341109
1.750000,0.124344
2.000000,-1.264267
2.250000,-1.005634
2.500000,0.108164
2.750000,0.443931
3.000000,-0.006805
3.250000,-0.257981
3.500000,0.562080
3.750000,0.308851
4.000000,-0.079029
4.250000,0.060600
4.500000,1.137192
4.750000,0.734901
5.000000,-0.269695
5.250000,-0.270850
5.500000,0.128840
5.750000,0.047023
6.000000,-0.987727
6.250000,-0.605663
6.500000,0.172971
6.750000,0.390722
7.000000,-0.517467
7.250000,-0.265072
7.500000,0.600625
7.750000,0.331201
8.000000,-0.256748
8.250000,-0.343518
8.500000,0.593022
8.750000,0.245984
9.000000,-0.447999
9.250000,-0.674922
9.500000,0.053698
9.750000,-0.179978
10.000000,-0.944476
10.250000,-0.384088
10.500000,0.269051
10.750000,0.221737
11.000000,-0.807823
11.250000,-0.319429
11.500000,0.610469
11.750000,0.887021
12.000000,0.045257
12.250000,-0.103883
12.500000,0.515233
12.750000,-0.058694
13.000000,-0.547043
13.250000,-0.466851
13.500000,0.523735
13.750000,0.146443
14.000000,-0.350298
14.250000,-0.247200
14.500000,0.345578
14.750000,0.008452
15.000000,-1.025365
15.250000,-0.321171
15.500000,0.506441
15.750000,0.762601
16.000000,-0.182310
16.250000,0.055713
16.500000,0.282966
16.750000,-0.018799
17.000000,-0.609731
17.250000,-0.404366
17.500000,0.613514
17.750000,0.189399
18.000000,-0.024965
18.250000,0.032960
18.500000,0.745205
18.750000,-0.089099
19.000000,-0.645007
19.250000,-0.216565
19.500000,0.570973
19.750000,0.490548
20.000000,-0.601003
20.250000,-0.224249
20.500000,0.088942
20.750000,0.304408
21.000000,-0.356076
21.250000,0.257338
21.500000,0.555082
21.750000,0.163742
22.000000,-0.226026
22.250000,0.103636
22.500000,1.041000
22.750000,0.302665
23.000000,-0.144387
23.250000,-0.231087
23.500000,0.627317
23.750000,-0.080029
24.000000,-0.722933
24.250000,-0.523766
24.500000,0.061377
24.750000,0.197087
25.000000,-0.367060
25.250000,0.304430
25.500000,0.372904
25.750000,0.130360
26.000000,-0.826527
26.250000,-0.130129
26.500000,0.532558
26.750000,0.350954
27.000000,-0.146600
27.250000,-0.210492
27.500000,0.198960
27.750000,-0.685475
28.000000,-0.895622
28.250000,-0.584269
28.500000,0.532590
28.750000,0.180530
29.000000,-0.235025
29.250000,0.066624
29.500000,0.517923
29.750000,0.441411
30.000000,-0.175114
30.250000,0.342063
30.500000,0.340309
30.750000,0.159858
31.000000,-0.503065
31.250000,-0.116927
31.500000,-0.025179
31.750000,-0.670804
32.000000,-1.003582
32.250000,-0.453573
32.500000,0.551680
32.750000,0.088492
33.000000,-0.261759
33.250000,-0.360773
33.500000,0.237552
33.750000,0.243988
34.000000,0.306880
34.250000,0.688567
34.500000,0.564466
34.750000,-0.071864
35.000000,-0.815108
35.250000,-0.232413
35.500000,-0.029225
35.750000,-0.261105
36.000000,-0.668998
36.250000,-0.203481
36.500000,0.335637
36.750000,0.044652
37.000000,-0.182316
37.250000,-0.057526
37.500000,0.578632
37.750000,0.303435
38.000000,0.301901
38.250000,0.516501
38.500000,0.546822
38.750000,-0.048661
39.000000,-0.563829
39.250000,-0.074372
39.500000,0.168016
39.750000,0.120872
40.000000,-0.380514
40.250000,0.099818
40.500000,0.302138
40.750000,-0.002104
41.000000,-0.134905
41.250000,0.320319
41.500000,0.912073
41.750000,0.419086
42.000000,0.088403
42.250000,-0.247830
42.500000,-0.006436
42.750000,-0.405088
43.000000,-0.418394
43.250000,0.055496
43.500000,0.181932
43.750000,-0.145838
44.000000,-0.647488
44.250000,-0.135254
44.500000,-0.085457
44.750000,0.095205
45.000000,-0.103262
45.250000,-0.337136
45.500000,-0.997720
45.750000,-0.409260
46.000000,-0.457222
46.250000,-0.058437
46.500000,-0.546958
46.750000,0.005059
47.000000,0.275125
47.250000,0.034465
47.500000,0.276750
47.750000,-0.250930
48.000000,0.229524
48.250000,0.195609
48.500000,-0.406558
48.750000,0.560263
49.000000,0.161057
49.250000,0.202679
49.500000,-0.152612
49.750000,-0.455565
50.000000,0.109825
50.250000,-0.302736
50.500000,-0.629489
50.750000,-0.187796
51.000000,-0.170066
51.250000,0.046077
51.500000,-0.194098
51.750000,-0.180054
52.000000,0.142867
52.250000,0.064768
52.500000,-0.300282
52.750000,-0.406758
53.000000,0.350652
53.250000,0.281532
53.500000,0.608034
53.750000,0.121249
54.000000,0.418631
54.250000,0.333473
54.500000,0.294862
54.750000,-0.252986
55.000000,-0.036478
55.250000,-0.231938
55.500000,0.133773
55.750000,-0.320963
56.000000,-0.067886
56.250000,-0.157087
56.500000,0.225628
56.750000,-0.206854
57.000000,-0.375818
57.250000,-0.238620
57.500000,0.101731
57.750000,0.346819
58.000000,0.441054
58.250000,0.390818
58.500000,0.436177
58.750000,0.656583
59.000000,0.282971
59.250000,-0.021185
59.500000,0.292369
59.750000,-0.221989
60.000000,0.039464
60.250000,0.261335
60.500000,-0.361636
60.750000,0.438216
61.000000,0.073260
61.250000,-0.113895
61.500000,0.190455
61.750000,-0.803129
62.000000,-0.006357
62.250000,0.304802
62.500000,0.082066
62.750000,0.149318
63.000000,-0.089263
63.250000,0.675493
63.500000,0.197423
63.750000,0.254267
64.000000,-0.466354
64.250000,0.180390
64.500000,0.902449
64.750000,-0.503118
65.000000,0.111387
65.250000,0.828017
65.500000,-0.040178
65.750000,1.118406
66.000000,-1.228589
66.250000,-0.298289
66.500000,0.512720
66.750000,-0.712217
67.000000,-0.331556
67.250000,-0.291931
67.500000,-0.281820
67.750000,0.589537
68.000000,-0.422483
68.250000,-0.337640
68.500000,0.316499
68.750000,0.279489
69.000000,-0.128202
69.250000,0.163597
69.500000,0.308590
69.750000,0.395350
70.000000,0.969514
70.250000,-0.211783
70.500000,-0.214957
70.750000,0.058605
71.000000,-0.491158
71.250000,-0.361691
71.500000,-0.433050
71.750000,-0.783043
72.000000,-0.051647
72.250000,-0.099726
72.500000,-0.512206
72.750000,-0.129439
73.000000,0.018450
73.250000,-0.229254
73.500000,0.210334
73.750000,-0.346547
74.000000,0.012279
74.250000,0.722516
74.500000,0.206387
74.750000,0.153554
75.000000,0.157448
75.250000,-0.439127
75.500000,0.248475
75.750000,0.498727
76.000000,-0.228010
76.250000,-0.012573
76.500000,0.392849
76.750000,0.044075
77.000000,-0.603672
77.250000,-0.414798
77.500000,0.452981
77.750000,0.210085
78.000000,-0.230263
78.250000,0.136224
78.500000,0.753100
78.750000,-0.013894
79.000000,-0.466303
79.250000,-0.115625
79.500000,0.612811
79.750000,0.388138
80.000000,-0.710037
80.250000,-0.340147
80.500000,0.252231
80.750000,0.247234
81.000000,-0.130844
81.250000,0.265473
81.500000,0.633652
81.750000,0.409009
82.000000,-0.230579
82.250000,0.228018
82.500000,0.950887
82.750000,0.006783
83.000000,-0.400782
83.250000,-0.116995
83.500000,0.518839
83.750000,0.012183
84.000000,-0.886482
84.250000,-0.722185
84.500000,-0.013505
84.750000,0.002543
85.000000,-0.386379
85.250000,-0.008195
85.500000,0.278321
85.750000,-0.106646
86.000000,-0.879486
86.250000,-0.071604
86.500000,0.429595
86.750000,0.066433
87.000000,-0.311668
87.250000,-0.340398
87.500000,0.085865
87.750000,-0.688490
88.000000,-1.333723
88.250000,-0.835709
88.500000,0.094454
88.750000,0.025278
89.000000,-0.172547
89.250000,0.023035
89.500000,0.472975
89.750000,0.312996
90.000000,-0.306726
90.250000,0.230004
90.500000,0.383684
90.750000,-0.100588
91.000000,-0.518388
91.250000,-0.186058
91.500000,-0.097454
91.750000,-0.643577
92.000000,-1.076944
92.250000,-0.612204
92.500000,0.303822
92.750000,0.020936
93.000000,-0.374234
93.250000,-0.319685
93.500000,0.204705
93.750000,0.081115
94.000000,0.070870
94.250000,0.634592
94.500000,0.517264
94.750000,-0.086625
95.000000,-0.611120
95.250000,-0.260364
95.500000,-0.017600
95.750000,-0.365059
96.000000,-0.804781
96.250000,-0.226698
96.500000,0.209032
96.750000,-0.125349
97.000000,-0.243392
97.250000,0.036345
97.500000,0.729708
97.750000,0.559977
98.000000,0.338836
98.250000,0.594869
98.500000,0.548331
98.750000,-0.202295
99.000000,-0.413718
99.250000,0.013226
99.500000,0.207451
99.750000,0.175816
100.000000,-0.175635
100.250000,0.308116
100.500000,0.485170
100.750000,-0.034857
101.000000,-0.362426
101.250000,0.149338
101.500000,0.876528
101.750000,0.588848
102.000000,0.244226
102.250000,0.116566
102.500000,-0.010041
102.750000,-0.287231
103.000000,-0.194731
103.250000,0.099531
103.500000,0.303120
103.750000,-0.185382
104.000000,-0.567781
104.250000,0.001421
104.500000,0.151544
104.750000,0.139982
105.000000,-0.078079
105.250000,-0.194856
105.500000,-1.061250
105.750000,-0.679306
106.000000,-0.483653
106.250000,-0.401534
106.500000,-0.435076
106.750000,-0.203310
107.000000,0.030805
107.250000,0.195733
107.500000,0.104653
107.750000,-0.203399
108.000000,0.540228
108.250000,0.286119
108.500000,-0.156658
108.750000,0.311627
109.000000,0.317396
109.250000,0.184018
109.500000,-0.049834
109.750000,-0.146279
110.000000,0.025766
110.250000,-0.235197
110.500000,-0.505148
110.750000,-0.045320
111.000000,-0.090839
111.250000,0.020964
111.500000,-0.101143
111.750000,0.024507
112.000000,0.148036
112.250000,0.353080
112.500000,-0.076119
112.750000,-0.170167
113.000000,0.533963
113.250000,0.419590
113.500000,0.580583
113.750000,0.019302
114.000000,0.513016
114.250000,0.547912
114.500000,0.310519
114.750000,-0.303380
115.000000,0.141523
115.250000,0.100030
115.500000,0.068565
115.750000,-0.282868
116.000000,0.182584
116.250000,0.075826
116.500000,0.078760
116.750000,-0.013786
117.000000,-0.132336
117.250000,0.124983
117.500000,0.292772
117.750000,0.222670
118.000000,0.241894
118.250000,0.555045
118.500000,0.549300
118.750000,0.531956
119.000000,0.167401
119.250000,0.176865
119.500000,0.569303
119.750000,-0.194084
120.000000,0.081663
120.250000,0.537222
120.500000,0.090901
120.750000,0.303004
121.000000,0.008322
121.250000,0.075575
121.500000,0.466140
121.750000,-0.385681
122.000000,-0.045722
122.250000,0.172594
122.500000,0.096315
122.750000,0.027873
123.000000,0.193314
123.250000,0.302078
123.500000,0.009987
123.750000,0.438370
124.000000,-0.238430
124.250000,0.211024
124.500000,0.873116
124.750000,-0.010402
125.000000,0.360332
125.250000,0.820995
125.500000,0.177740
125.750000,1.208503
126.000000,-0.752144
126.250000,0.137378
126.500000,0.529343
126.750000,-0.470632
127.000000,-0.248212
127.250000,-0.067797
127.500000,-0.246106
127.750000,0.293701
128.000000,-0.412441
128.250000,-0.236159
128.500000,0.311974
128.750000,0.097186
129.000000,0.041743
129.250000,0.304162
129.500000,0.559126
129.750000,0.281069
130.000000,0.905801
130.250000,-0.079420
130.500000,0.109028
130.750000,0.399983
131.000000,-0.442812
131.250000,-0.316729
131.500000,-0.152016
131.750000,-0.450915
132.000000,-0.212317
132.250000,-0.410766
132.500000,-0.254355
132.750000,0.048001
133.000000,-0.449060
133.250000,-0.394772
133.500000,0.279353
133.750000,0.001404
134.000000,0.031421
134.250000,0.262398
134.500000,0.033015
134.750000,0.301193
135.000000,0.121747
135.250000,-0.165277
135.500000,0.479558
135.750000,0.534482
136.000000,-0.250269
136.250000,-0.004995
136.500000,0.646563
136.750000,0.148061
137.000000,-0.744585
137.250000,-0.272779
137.500000,0.459973
137.750000,0.338733
138.000000,-0.357833
138.250000,-0.147047
138.500000,0.643432
138.750000,-0.025311
139.000000,-0.641154
139.250000,-0.197802
139.500000,0.687969
139.750000,0.401310
140.000000,-0.351207
140.250000,-0.224536
140.500000,0.748344
140.750000,0.104518
141.000000,-0.463644
141.250000,-0.225412
141.500000,0.385638
141.750000,0.146793
142.000000,-0.384934
142.250000,-0.118393
142.500000,1.162624
142.750000,-0.057608
143.000000,-0.259318
143.250000,-0.433646
143.500000,0.348064
143.750000,0.079422
144.000000,-1.033892
144.250000,-0.244461
144.500000,0.566142
144.750000,0.196743
145.000000,-0.014218
145.250000,-0.016879
145.500000,0.594864
145.750000,0.195994
146.000000,-1.137696
146.250000,0.074676
146.500000,0.253799
146.750000,0.316205
147.000000,-0.434925
147.250000,-0.267149
147.500000,0.470931
147.750000,-0.248345
148.000000,-1.092862
148.250000,-0.247577
148.500000,0.174580
148.750000,0.245744
149.000000,-0.549438
149.250000,-0.066572
149.500000,0.673457
149.750000,0.198760
150.000000,-0.480105
150.250000,0.093356
150.500000,0.398867
150.750000,0.042974
151.000000,-0.724658
151.250000,-0.520467
151.500000,0.256456
151.750000,-0.580485
152.000000,-0.888555
152.250000,-0.291899
152.500000,0.539913
152.750000,0.382300
153.000000,-0.371481
153.250000,-0.083629
153.500000,0.669508
153.750000,-0.004822
154.000000,-0.115590
154.250000,-0.012868
154.500000,0.555362
154.750000,-0.015320
155.000000,-0.962175
155.250000,-0.224338
155.500000,0.092114
155.750000,-0.126886
156.000000,-0.594187
156.250000,-0.397963
156.500000,0.697336
156.750000,-0.083091
157.000000,-0.227389
157.250000,0.112026
157.500000,0.691669
157.750000,0.646042
158.000000,-0.212499
158.250000,0.275388
158.500000,0.560594
158.750000,-0.160008
159.000000,-0.673832
159.250000,-0.500164
159.500000,0.047591
159.750000,0.002195
160.000000,-0.800371
160.250000,0.139951
160.500000,0.429260
160.750000,0.294889
161.000000,-0.133774
161.250000,0.247816
161.500000,0.971225
161.750000,0.548977
162.000000,-0.322484
162.250000,-0.139961
162.500000,0.200744
162.750000,-0.242944
163.000000,-0.285555
163.250000,-0.281657
163.500000,0.520627
163.750000,-0.119489
164.000000,-0.807159
164.250000,-0.191119
164.500000,0.168544
164.750000,0.116863
165.000000,-0.047580
165.250000,-0.329486
165.500000,-0.875465
165.750000,-0.544749
166.000000,-0.401382
166.250000,-0.149704
166.500000,-0.091747
166.750000,0.019723
167.000000,-0.158897
167.250000,-0.293994
167.500000,0.172524
167.750000,-0.285304
168.000000,0.547715
168.250000,0.297739
168.500000,-0.032272
168.750000,0.818824
169.000000,0.282827
169.250000,0.165864
169.500000,0.054047
169.750000,0.017619
170.000000,0.146770
170.250000,-0.354343
170.500000,-0.921501
170.750000,-0.314528
171.000000,-0.213160
171.250000,-0.049904
171.500000,-0.378165
171.750000,-0.069734
172.000000,0.142474
172.250000,0.227115
172.500000,-0.227144
172.750000,-0.223461
173.000000,0.697633
173.250000,0.598983
173.500000,0.573657
173.750000,-0.020030
174.000000,0.393939
174.250000,0.422490
174.500000,0.530282
174.750000,-0.192980
175.000000,0.317817
175.250000,0.405270
175.500000,0.351613
175.750000,-0.374592
176.000000,-0.171898
176.250000,-0.260709
176.500000,-0.013651
176.750000,-0.194834
177.000000,-0.602496
177.250000,-0.285086
177.500000,0.212325
177.750000,0.374686
178.000000,0.384023
178.250000,0.900682
178.500000,0.841287
178.750000,1.116220
179.000000,0.402412
179.250000,0.038415
179.500000,0.453724
179.750000,0.052764
180.000000,0.149441
180.250000,0.341376
180.500000,-0.286147
180.750000,0.237903
181.000000,0.034741
181.250000,-0.275709
181.500000,0.302550
181.750000,-0.351273
182.000000,0.292334
182.250000,0.255397
182.500000,0.019823
182.750000,-0.101881
183.000000,0.226691
183.250000,0.635554
183.500000,0.108216
183.750000,0.398195
184.000000,-0.045516
184.250000,0.262105
184.500000,0.969544
184.750000,-0.050743
185.000000,0.446498
185.250000,1.192972
185.500000,0.155216
185.750000,0.865761
186.000000,-1.160634
186.250000,-0.310137
186.500000,0.155677
186.750000,-0.826361
187.000000,-0.431450
187.250000,-0.199544
187.500000,-0.065282
187.750000,0.533293
188.000000,-0.253199
188.250000,-0.037536
188.500000,0.627844
188.750000,0.427784
189.000000,0.097062
189.250000,-0.033793
189.500000,0.340172
189.750000,0.204123
190.000000,0.824815
190.250000,0.001596
190.500000,0.195545
190.750000,0.366397
191.000000,-0.367350
191.250000,-0.515243
191.500000,-0.554047
191.750000,-0.570050
192.000000,-0.100888
192.250000,-0.277436
192.500000,-0.484740
192.750000,-0.088052
193.000000,-0.388416
193.250000,-0.168616
193.500000,0.094371
193.750000,-0.031964
194.000000,0.261890
194.250000,0.629674
194.500000,0.160667
194.750000,0.394701
195.000000,0.277314
195.250000,-0.668955
195.500000,0.499717
195.750000,0.693589
196.000000,-0.375317
196.250000,-0.263942
196.500000,0.374737
196.750000,0.268155
197.000000,-0.628245
197.250000,-0.405425
197.500000,0.606826
197.750000,0.243768
198.000000,-0.258682
198.250000,-0.261226
198.500000,0.533373
198.750000,-0.119988
199.000000,-0.886399
199.250000,-0.433577
199.500000,0.552602
199.750000,0.312478
200.000000,-0.864015
200.250000,-0.555736
200.500000,0.193852
200.750000,0.196710
201.000000,-0.631091
201.250000,-0.089346
201.500000,0.572785
201.750000,0.387167
202.000000,-0.472020
202.250000,-0.373145
202.500000,0.622847
202.750000,0.069815
203.000000,-0.368639
203.250000,-0.163513
203.500000,0.652589
203.750000,0.053928
204.000000,-0.918419
204.250000,-0.693266
204.500000,0.214062
204.750000,0.260529
205.000000,-0.358848
205.250000,0.109806
205.500000,0.503102
205.750000,0.096360
206.000000,-0.942818
206.250000,-0.330366
206.500000,0.447174
206.750000,0.305299
207.000000,-0.309478
207.250000,-0.241196
207.500000,0.505102
207.750000,-0.298501
208.000000,-1.038809
208.250000,-0.711364
208.500000,0.466746
208.750000,0.521552
209.000000,0.073531
209.250000,0.174564
209.500000,0.453826
209.750000,0.074252
210.000000,-0.607198
210.250000,0.128356
210.500000,0.678532
210.750000,0.354417
211.000000,-0.643784
211.250000,-0.330282
211.500000,0.132215
211.750000,-0.401784
212.000000,-0.952424
212.250000,-0.571999
212.500000,0.608592
212.750000,0.393985
213.000000,-0.286198
213.250000,-0.283551
213.500000,0.337412
213.750000,0.221729
214.000000,0.063722
214.250000,0.429391
214.500000,0.684741
214.750000,0.155578
215.000000,-0.738304
215.250000,-0.209933
215.500000,0.180934
215.750000,-0.091276
216.000000,-0.713105
216.250000,-0.190245
216.500000,0.600937
216.750000,0.034836
217.000000,-0.607913
217.250000,-0.503565
217.500000,0.466516
217.750000,0.595440
218.000000,0.231842
218.250000,0.195272
218.500000,0.353663
218.750000,-0.258457
219.000000,-0.650183
219.250000,-0.130081
219.500000,0.331414
219.750000,0.266282
220.000000,-0.318556
220.250000,0.157854
220.500000,0.457521
220.750000,-0.068704
221.000000,-0.632342
221.250000,-0.122625
221.500000,0.928972
221.750000,0.746239
222.000000,0.143379
222.250000,-0.211480
222.500000,-0.023222
222.750000,-0.329165
223.000000,-0.504594
223.250000,-0.105690
223.500000,0.453875
223.750000,0.185826
224.000000,-0.435061
224.250000,-0.109676
224.500000,0.018662
224.750000,0.026635
225.000000,-0.229943
225.250000,-0.237488
225.500000,-0.946397
225.750000,-0.574410
226.000000,-0.451450
226.250000,-0.414128
226.500000,-0.513394
226.750000,-0.128134
227.000000,0.023048
227.250000,-0.035000
227.500000,0.314602
227.750000,-0.191976
228.000000,0.481402
228.250000,0.341203
228.500000,-0.005799
228.750000,0.799798
229.000000,0.292294
229.250000,0.307986
229.500000,0.134447
229.750000,-0.155480
230.000000,0.087174
230.250000,-0.193746
230.500000,-0.626231
230.750000,-0.089768
231.000000,-0.062830
231.250000,-0.041242
231.500000,-0.317020
231.750000,-0.028929
232.000000,0.157173
232.250000,0.250463
232.500000,-0.156309
232.750000,-0.243473
233.000000,0.645528
233.250000,0.480814
233.500000,0.575347
233.750000,0.118111
234.000000,0.550884
234.250000,0.472957
234.500000,0.393036
234.750000,-0.300900
235.000000,-0.012011
235.250000,0.065196
235.500000,0.192734
235.750000,-0.350603
236.000000,0.025391
236.250000,-0.099843
236.500000,0.222083
236.750000,-0.163721
237.000000,-0.380951
237.250000,-0.021095
237.500000,0.096626
237.750000,0.214610
238.000000,0.196736
238.250000,0.521381
238.500000,0.310230
238.750000,0.594983
239.000000,0.286074
239.250000,0.059880
239.500000,0.577683
239.750000,-0.037351
240.000000,0.086669
240.250000,0.510383
240.500000,-0.135667
240.750000,0.491465
241.000000,0.108002
241.250000,-0.267186
241.500000,0.314159
241.750000,-0.651327
242.000000,-0.071608
242.250000,-0.068747
242.500000,-0.046485
242.750000,-0.015667
243.000000,-0.050550
243.250000,0.440259
243.500000,0.000292
243.750000,0.339602
244.000000,-0.161973
244.250000,0.280596
244.500000,0.918073
244.750000,-0.207079
245.000000,0.378620
245.250000,1.022170
245.500000,0.050966
245.750000,1.147415
246.000000,-0.827976
246.250000,0.094885
246.500000,0.504125
246.750000,-0.569755
247.000000,-0.254742
247.250000,-0.267125
247.500000,-0.155629
247.750000,0.349395
248.000000,-0.434837
248.250000,-0.247012
248.500000,0.185200
248.750000,0.259060
249.000000,-0.051957
249.250000,0.123879
249.500000,0.587304
249.750000,0.265023
250.000000,1.011871
250.250000,-0.016742
250.500000,0.222526
250.750000,0.382184
251.000000,-0.371612
251.250000,-0.039756
251.500000,-0.198161
251.750000,-0.471050
252.000000,-0.047800
252.250000,-0.299505
252.500000,-0.322168
252.750000,-0.004174
253.000000,-0.219472
253.250000,-0.295848
253.500000,0.042774
253.750000,-0.016284
254.000000,-0.030107
254.250000,0.496212
254.500000,0.069930
254.750000,0.426747
255.000000,0.319237
255.250000,-0.292464
255.500000,0.746188
255.750000,0.826325
256.000000,-0.409971
256.250000,-0.224008
256.500000,0.395781
256.750000,0.291032
257.000000,-0.585332
257.250000,-0.542291
257.500000,0.537220
257.750000,0.361330
258.000000,-0.115571
258.250000,-0.199076
258.500000,0.681470
258.750000,0.094272
259.000000,-0.479162
259.250000,-0.077818
259.500000,0.756852
259.750000,0.549599
260.000000,-0.733407
260.250000,-0.449554
260.500000,0.248766
260.750000,0.270477
261.000000,-0.611682
261.250000,-0.098827
261.500000,0.577337
261.750000,0.434296
262.000000,-0.553002
262.250000,-0.397470
262.500000,0.746253
262.750000,0.396944
263.000000,0.027564
263.250000,-0.188047
263.500000,0.610528
263.750000,0.083039
264.000000,-0.849958
264.250000,-0.523317
264.500000,0.216228
264.750000,0.126286
265.000000,-0.441789
265.250000,0.022388
265.500000,0.569866
265.750000,0.270357
266.000000,-1.123228
266.250000,-0.486621
266.500000,0.478393
266.750000,0.529577
267.000000,-0.131208
267.250000,-0.456064
267.500000,0.230749
267.750000,-0.365972
268.000000,-0.954151
268.250000,-0.642590
268.500000,0.352333
268.750000,0.256955
269.000000,-0.255373
269.250000,-0.155634
269.500000,0.508183
269.750000,0.126112
270.000000,-0.709019
270.250000,-0.112351
270.500000,0.380313
270.750000,0.340776
271.000000,-0.683723
271.250000,-0.539111
271.500000,0.042207
271.750000,-0.408832
272.000000,-1.065281
272.250000,-0.665246
272.500000,0.446826
272.750000,0.326018
273.000000,-0.282482
273.250000,-0.408547
273.500000,0.358782
273.750000,0.284115
274.000000,-0.026343
274.250000,0.238212
274.500000,0.552055
274.750000,0.009879
275.000000,-0.897950
275.250000,-0.427639
275.500000,0.132625
275.750000,0.009817
276.000000,-0.750014
276.250000,-0.326022
276.500000,0.486295
276.750000,0.198560
277.000000,-0.396883
277.250000,-0.308755
277.500000,0.655961
277.750000,0.596165
278.000000,0.057052
278.250000,0.108088
278.500000,0.373865
278.750000,-0.136994
279.000000,-0.736774
279.250000,-0.481205
279.500000,0.264165
279.750000,0.314801
280.000000,-0.407911
280.250000,0.044084
280.500000,0.356477
280.750000,0.068558
281.000000,-0.268043
281.250000,0.121039
281.500000,1.183191
281.750000,0.760658
282.000000,-0.170593
282.250000,-0.309403
282.500000,0.076632
282.750000,-0.100125
283.000000,-0.626937
283.250000,-0.496177
283.500000,0.265455
283.750000,0.143717
284.000000,-0.464093
284.250000,-0.185454
284.500000,0.036475
284.750000,0.243408
285.000000,-0.115276
285.250000,-0.200380
285.500000,-1.066983
285.750000,-0.754380
286.000000,-0.534525
286.250000,-0.507301
286.500000,-0.522227
286.750000,-0.256999
287.000000,-0.258999
287.250000,-0.298841
287.500000,0.238680
287.750000,-0.308345
288.000000,0.425699
288.250000,0.201519
288.500000,-0.116357
288.750000,0.956087
289.000000,0.182908
289.250000,0.035264
289.500000,-0.001643
289.750000,-0.295208
290.000000,0.009427
290.250000,-0.417879
290.500000,-0.853520
290.750000,-0.077706
291.000000,-0.159162
291.250000,-0.164780
291.500000,-0.479097
291.750000,-0.130741
292.000000,-0.053088
292.250000,-0.043159
292.500000,-0.301629
292.750000,-0.335097
293.000000,0.621455
293.250000,0.531127
293.500000,0.644791
293.750000,0.376454
294.000000,0.693946
294.250000,0.490376
294.500000,0.517862
294.750000,-0.210268
295.000000,-0.021046
295.250000,0.034914
295.500000,0.139074
295.750000,-0.338983
296.000000,-0.017522
296.250000,-0.223816
296.500000,0.274439
296.750000,-0.036080
297.000000,-0.440425
297.250000,-0.118599
297.500000,0.183494
297.750000,0.470541
298.000000,0.281989
298.250000,0.575573
298.500000,0.515646
298.750000,1.091476
299.000000,0.661581
299.250000,0.039662
299.500000,0.772432
299.750000,0.392638
300.000000,0.280487
300.250000,0.539678
300.500000,-0.324348
300.750000,0.543359
301.000000,0.251967
301.250000,-0.455673
301.500000,0.214239
301.750000,-0.598626
302.000000,0.058005
302.250000,0.143733
302.500000,0.092769
302.750000,0.075214
303.000000,0.184124
303.250000,0.724489
303.500000,0.263016
303.750000,0.476179
304.000000,-0.097872
304.250000,0.416801
304.500000,1.178777
304.750000,-0.202623
305.000000,0.342694
305.250000,1.066194
305.500000,0.084031
305.750000,1.010723
306.000000,-1.090951
306.250000,-0.165548
306.500000,0.364086
306.750000,-0.781033
307.000000,-0.432020
307.250000,-0.279232
307.500000,-0.097919
307.750000,0.374335
308.000000,-0.313002
308.250000,-0.149128
308.500000,0.253031
308.750000,0.247062
309.000000,-0.106952
309.250000,0.092114
309.500000,0.346340
309.750000,0.109909
310.000000,1.050396
310.250000,-0.117208
310.500000,0.027813
310.750000,0.148264
311.000000,-0.458644
311.250000,-0.140962
311.500000,-0.749943
311.750000,-0.861645
312.000000,-0.097517
312.250000,-0.343656
312.500000,-0.551503
312.750000,-0.311882
313.000000,-0.191663
313.250000,-0.059206
313.500000,-0.097729
313.750000,-0.301455
314.000000,-0.103142
314.250000,0.566575
314.500000,-0.017549
314.750000,0.162013
315.000000,0.138411
315.250000,-0.378341
315.500000,0.742338
315.750000,0.723772
316.000000,-0.361366
316.250000,-0.001920
316.500000,0.713421
316.750000,0.060203
317.000000,-0.707617
317.250000,-0.562279
317.500000,0.818686
317.750000,0.416622
318.000000,-0.315086
318.250000,-0.025698
318.500000,0.808340
318.750000,0.056955
319.000000,-0.769270
319.250000,-0.297962
319.500000,0.595287
319.750000,0.394196
320.000000,-0.904419
320.250000,-0.207781
320.500000,0.513842
320.750000,0.465424
321.000000,-0.502382
321.250000,-0.116527
321.500000,0.481372
321.750000,-0.054721
322.000000,-0.689950
322.250000,-0.124545
322.500000,1.076417
322.750000,0.364366
323.000000,-0.183529
323.250000,-0.218557
323.500000,0.817655
323.750000,-0.013571
324.000000,-0.942675
324.250000,-0.440466
324.500000,0.471970
324.750000,0.383599
325.000000,-0.256930
325.250000,0.242831
325.500000,0.493847
325.750000,0.067614
326.000000,-1.271206
326.250000,-0.288544
326.500000,0.483701
326.750000,0.321920
327.000000,-0.314587
327.250000,-0.026143
327.500000,0.590656
327.750000,-0.226202
328.000000,-0.865382
328.250000,-0.437713
328.500000,0.716391
328.750000,0.137859
329.000000,-0.255201
329.250000,0.018377
329.500000,0.836944
329.750000,0.257954
330.000000,-0.535775
330.250000,-0.030677
330.500000,0.295895
330.750000,-0.051861
331.000000,-0.778741
331.250000,-0.113757
331.500000,0.293373
331.750000,-0.119929
332.000000,-0.980013
332.250000,-0.140878
332.500000,0.569588
332.750000,0.082827
333.000000,-0.437198
333.250000,-0.261705
333.500000,0.562320
333.750000,0.220550
334.000000,0.008403
334.250000,0.361079
334.500000,0.797119
334.750000,-0.161358
335.000000,-0.728731
335.250000,-0.357425
335.500000,0.335669
335.750000,-0.090235
336.000000,-0.579069
336.250000,0.027476
336.500000,0.461296
336.750000,0.217703
337.000000,-0.488062
337.250000,0.001218
337.500000,0.423175
337.750000,0.089076
338.000000,-0.402838
338.250000,0.227426
338.500000,0.512073
338.750000,0.088959
339.000000,-0.454603
339.250000,-0.183280
339.500000,0.343598
339.750000,-0.168294
340.000000,-0.502899
340.250000,-0.007644
340.500000,0.583619
340.750000,0.121041
341.000000,-0.043641
341.250000,0.334635
341.500000,0.892384
341.750000,0.257238
342.000000,-0.456193
342.250000,-0.289101
342.500000,-0.065271
342.750000,-0.106219
343.000000,-0.382503
343.250000,0.228761
343.500000,0.365813
343.750000,-0.237793
344.000000,-0.798119
344.250000,-0.230039
344.500000,0.112123
344.750000,0.133456
345.000000,-0.040186
345.250000,-0.458630
345.500000,-0.972975
345.750000,-0.570120
346.000000,-0.546853
346.250000,-0.387220
346.500000,-0.308178
346.750000,0.018884
347.000000,0.015086
347.250000,-0.146537
347.500000,0.207588
347.750000,0.108961
348.000000,0.578063
348.250000,0.248039
348.500000,0.029776
348.750000,0.771222
349.000000,0.351436
349.250000,0.132382
349.500000,-0.130338
349.750000,-0.043022
350.000000,0.144970
350.250000,-0.217239
350.500000,-0.586663
350.750000,-0.098595
351.000000,0.116174
351.250000,0.012572
351.500000,-0.147645
351.750000,0.012451
352.000000,0.145907
352.250000,0.220285
352.500000,-0.116786
352.750000,0.004137
353.000000,0.648896
353.250000,0.628094
353.500000,0.865318
353.750000,0.399471
354.000000,0.712816
354.250000,0.483650
354.500000,0.508540
354.750000,0.063105
355.000000,0.016536
355.250000,-0.026643
355.500000,0.176012
355.750000,-0.290302
356.000000,-0.081011
356.250000,-0.214269
356.500000,0.203820
356.750000,0.149120
357.000000,-0.249646
357.250000,-0.072496
357.500000,0.275579
357.750000,0.498167
358.000000,0.437786
358.250000,0.444844
358.500000,0.596237
358.750000,0.923588
359.000000,0.471444
359.250000,0.049433
359.500000,0.385397
359.750000,0.366823
360.000000,0.155095
360.250000,0.184288
360.500000,-0.158194
360.750000,0.250828
361.000000,0.181298
361.250000,-0.350511
361.500000,0.109040
361.750000,-0.236189
362.000000,0.112653
362.250000,0.186674
362.500000,0.122316
362.750000,0.167335
363.000000,0.214904
363.250000,0.661397
363.500000,0.356983
363.750000,0.435587
364.000000,0.094278
364.250000,0.490253
364.500000,0.888392
364.750000,0.043598
365.000000,0.326432
365.250000,1.012209
365.500000,0.298768
365.750000,0.679838
366.000000,-0.752508
366.250000,0.046044
366.500000,0.252406
366.750000,-0.449015
367.000000,-0.368193
367.250000,-0.054957
367.500000,0.172571
367.750000,0.280290
368.000000,-0.096455
368.250000,0.172592
368.500000,0.599000
368.750000,0.534958
369.000000,0.230894
369.250000,0.437930
369.500000,0.589589
369.750000,0.497922
370.000000,0.942052
370.250000,0.136296
370.500000,0.271912
370.750000,0.118722
371.000000,-0.196516
371.250000,-0.272055
371.500000,-0.676364
371.750000,-0.571027
372.000000,-0.093971
372.250000,-0.225187
372.500000,-0.450632
372.750000,-0.214733
373.000000,0.069331
373.250000,0.086597
373.500000,-0.059386
373.750000,-0.079699
374.000000,0.247583
374.250000,0.593876
374.500000,0.033159
374.750000,0.059329
375.000000,0.258361
375.250000,-0.213373
375.500000,0.663114
375.750000,0.682638
376.000000,-0.431798
376.250000,-0.358657
376.500000,0.420211
376.750000,0.201115
377.000000,-0.640995
377.250000,-0.213358
377.500000,0.584890
377.750000,0.197407
378.000000,-0.467226
378.250000,-0.096571
378.500000,0.994974
378.750000,0.259107
379.000000,-0.550173
379.250000,-0.119636
379.500000,0.949205
379.750000,0.609572
380.000000,-0.497709
380.250000,-0.433437
380.500000,0.476642
380.750000,0.282728
381.000000,-0.370595
381.250000,0.068929
381.500000,0.598534
381.750000,0.319565
382.000000,-0.227579
382.250000,0.118869
382.500000,1.219360
382.750000,0.058276
383.000000,-0.388555
383.250000,-0.009627
383.500000,0.893105
383.750000,0.433751
384.000000,-0.868983
384.250000,-0.577264
384.500000,0.277450
384.750000,-0.015962
385.000000,-0.510645
385.250000,-0.247350
385.500000,0.334656
385.750000,-0.006166
386.000000,-0.919334
386.250000,0.018476
386.500000,0.396198
386.750000,-0.060759
387.000000,-0.757360
387.250000,-0.395009
387.500000,0.530892
387.750000,-0.211787
388.000000,-1.161899
388.250000,-0.588799
388.500000,0.341142
388.750000,0.219191
389.000000,-0.502793
389.250000,-0.233455
389.500000,0.299234
389.750000,0.138382
390.000000,-0.539353
390.250000,0.145084
390.500000,0.362270
390.750000,-0.111134
391.000000,-0.798236
391.250000,-0.362320
391.500000,0.239297
391.750000,-0.505467
392.000000,-1.200234
392.250000,-0.544070
392.500000,0.372778
392.750000,0.143801
393.000000,-0.557424
393.250000,-0.406434
393.500000,0.358071
393.750000,-0.052974
394.000000,-0.123848
394.250000,0.192477
394.500000,0.414990
394.750000,-0.153863
395.000000,-0.902780
395.250000,-0.195117
395.500000,0.262286
395.750000,-0.266205
396.000000,-0.852882
396.250000,-0.214725
396.500000,0.692619
396.750000,0.115127
397.000000,-0.322739
397.250000,-0.119707
397.500000,0.679732
397.750000,0.534258
398.000000,0.034157
398.250000,0.324880
398.500000,0.519939
398.750000,-0.025245
399.000000,-0.404716
399.250000,-0.002058
399.500000,0.527395
399.750000,0.044940
400.000000,-0.448454
400.250000,0.294735
400.500000,0.711150
400.750000,0.413313
401.000000,-0.276654
401.250000,0.054821
401.500000,0.885765
401.750000,0.511769
402.000000,0.132118
402.250000,-0.106635
402.500000,0.008853
402.750000,-0.338116
403.000000,-0.545289
403.250000,-0.102249
403.500000,0.261700
403.750000,-0.311141
404.000000,-0.645226
404.250000,0.068197
404.500000,0.374214
404.750000,0.249566
405.000000,-0.265967
405.250000,-0.515858
405.500000,-1.191778
405.750000,-0.786379
406.000000,-0.550614
406.250000,-0.488776
406.500000,-0.421849
406.750000,-0.420125
407.000000,0.049641
407.250000,0.010897
407.500000,-0.067843
407.750000,-0.084602
408.000000,0.424145
408.250000,0.291164
408.500000,-0.029768
408.750000,-0.096951
409.000000,0.115857
409.250000,-0.119369
409.500000,-0.094751
409.750000,-0.227209
410.000000,-0.233021
410.250000,-0.406699
410.500000,-0.739249
410.750000,-0.223449
411.000000,-0.438219
411.250000,-0.338311
411.500000,-0.109168
411.750000,-0.104125
412.000000,0.090229
412.250000,0.175517
412.500000,-0.253842
412.750000,0.064791
413.000000,0.369463
413.250000,0.451872
413.500000,0.617599
413.750000,0.000382
414.000000,0.424402
414.250000,0.400687
414.500000,0.299364
414.750000,0.121582
415.000000,0.160950
415.250000,-0.010954
415.500000,0.043152
415.750000,-0.218394
416.000000,-0.110913
416.250000,-0.095443
416.500000,-0.062854
416.750000,0.205882
417.000000,0.088222
417.250000,0.054759
417.500000,0.226158
417.750000,0.516450
418.000000,0.599147
418.250000,0.653922
418.500000,0.685806
418.750000,0.904279
419.000000,0.417422
419.250000,0.333016
419.500000,0.591525
419.750000,-0.042711
420.000000,0.318963
420.250000,0.447516
420.500000,0.205134
420.750000,0.131367
421.000000,-0.059470
421.250000,0.190393
421.500000,0.519134
421.750000,0.061921
422.000000,0.407584
422.250000,0.197911
422.500000,0.317791
422.750000,0.223335
423.000000,0.371729
423.250000,0.402567
423.500000,0.283293
423.750000,0.634607
424.000000,0.029133
424.250000,0.488534
424.500000,0.888279
424.750000,0.132002
425.000000,0.463426
425.250000,0.880690
425.500000,0.307078
425.750000,0.974885
426.000000,-0.777196
426.250000,0.003375
426.500000,0.377155
426.750000,-0.324035
427.000000,-0.256684
427.250000,-0.082828
427.500000,-0.275851
427.750000,0.176013
428.000000,-0.294028
428.250000,-0.097462
428.500000,0.503632
428.750000,0.297600
429.000000,0.463812
429.250000,0.453616
429.500000,0.462903
429.750000,0.270763
430.000000,0.914178
430.250000,0.085538
430.500000,0.066441
430.750000,0.048088
431.000000,-0.357863
431.250000,-0.351394
431.500000,-0.415055
431.750000,-0.771074
432.000000,-0.379079
432.250000,-0.299111
432.500000,-0.427952
432.750000,-0.283624
433.000000,-0.457457
433.250000,-0.251925
433.500000,0.343408
433.750000,0.238295
434.000000,0.251234
434.250000,0.524943
434.500000,0.005075
434.750000,0.163128
435.000000,0.195352
435.250000,-0.274166
435.500000,0.514718
435.750000,0.716295
436.000000,-0.274022
436.250000,-0.144907
436.500000,0.476392
436.750000,0.259152
437.000000,-0.581568
437.250000,-0.238686
437.500000,0.769719
437.750000,0.577074
438.000000,-0.300669
438.250000,-0.170029
438.500000,0.669601
438.750000,0.013586
439.000000,-0.479081
439.250000,-0.113883
439.500000,0.771107
439.750000,0.609129
440.000000,-0.517437
440.250000,-0.375050
440.500000,0.472679
440.750000,0.380515
441.000000,-0.059657
441.250000,0.078731
441.500000,0.636287
441.750000,0.305792
442.000000,-0.573183
442.250000,-0.138137
442.500000,0.855175
442.750000,0.095903
443.000000,-0.158535
443.250000,0.028504
443.500000,0.734937
443.750000,0.270315
444.000000,-0.825062
444.250000,-0.514548
444.500000,0.344655
444.750000,0.333198
445.000000,-0.170135
445.250000,0.036065
445.500000,0.452467
445.750000,-0.007822
446.000000,-1.204053
446.250000,-0.318644
446.500000,0.339298
446.750000,0.078101
447.000000,-0.376565
447.250000,-0.303154
447.500000,0.352015
447.750000,-0.123580
448.000000,-1.036391
448.250000,-0.445360
448.500000,0.420285
448.750000,0.297069
449.000000,-0.329950
449.250000,-0.341316
449.500000,0.315467
449.750000,0.128512
450.000000,-0.755960
450.250000,-0.087271
450.500000,0.230678
450.750000,-0.152007
451.000000,-0.643305
451.250000,-0.484052
451.500000,0.111436
451.750000,-0.319502
452.000000,-0.794560
452.250000,-0.361939
452.500000,0.510141
452.750000,0.155034
453.000000,-0.500364
453.250000,-0.598979
453.500000,0.310933
453.750000,0.011220
454.000000,-0.180121
454.250000,0.367086
454.500000,0.474360
454.750000,-0.093658
455.000000,-0.778097
455.250000,-0.443210
455.500000,0.270720
455.750000,0.033621
456.000000,-0.463506
456.250000,0.038383
456.500000,0.561029
456.750000,0.209787
457.000000,-0.455038
457.250000,-0.310904
457.500000,0.616771
457.750000,0.324043
458.000000,-0.127490
458.250000,0.292182
458.500000,0.451863
458.750000,0.150864
459.000000,-0.434783
459.250000,-0.079015
459.500000,0.421305
459.750000,0.305287
460.000000,-0.255244
460.250000,0.150007
460.500000,0.454610
460.750000,0.396765
461.000000,-0.300557
461.250000,0.118453
461.500000,0.960580
461.750000,0.408836
462.000000,-0.051597
462.250000,-0.208010
462.500000,-0.085889
462.750000,-0.085856
463.000000,-0.200875
463.250000,0.085143
463.500000,0.531835
463.750000,-0.112290
464.000000,-0.558157
464.250000,-0.264120
464.500000,0.137024
464.750000,0.229577
465.000000,-0.235286
465.250000,-0.286452
465.500000,-0.785206
465.750000,-0.531472
466.000000,-0.274580
466.250000,-0.355034
466.500000,-0.084587
466.750000,-0.289977
467.000000,0.015795
467.250000,-0.089776
467.500000,0.074112
467.750000,-0.120823
468.000000,0.421005
468.250000,0.194368
468.500000,0.114033
468.750000,0.522487
469.000000,0.499810
469.250000,0.214171
469.500000,-0.022099
469.750000,0.049329
470.000000,0.058168
470.250000,-0.299700
470.500000,-0.694800
470.750000,-0.185918
471.000000,-0.274083
471.250000,-0.121422
471.500000,-0.135961
471.750000,0.102372
472.000000,0.215748
472.250000,0.318937
472.500000,0.073260
472.750000,0.060717
473.000000,0.440861
473.250000,0.502598
473.500000,0.451886
473.750000,0.187593
474.000000,0.358396
474.250000,0.279942
474.500000,0.473806
474.750000,0.031882
475.000000,0.300452
475.250000,0.147043
475.500000,0.137317
475.750000,0.033566
476.000000,-0.195639
476.250000,-0.242800
476.500000,0.008046
476.750000,-0.119974
477.000000,-0.320452
477.250000,-0.326191
477.500000,0.056463
477.750000,0.606523
478.000000,0.346466
478.250000,0.582411
478.500000,0.585323
478.750000,1.035401
479.000000,0.394745
479.250000,0.064905
479.500000,0.387188
479.750000,-0.043223
480.000000,0.042841
480.250000,0.054084
480.500000,-0.321864
480.750000,0.122120
481.000000,0.128894
481.250000,-0.076928
481.500000,0.272917
481.750000,-0.349516
482.000000,0.401120
482.250000,0.193203
482.500000,0.130626
482.750000,-0.155013
483.000000,0.122800
483.250000,0.338176
483.500000,0.089019
483.750000,0.379644
484.000000,-0.124009
484.250000,0.421966
484.500000,0.956171
484.750000,-0.017474
485.000000,0.463176
485.250000,0.876916
485.500000,0.128720
485.750000,0.916242
486.000000,-1.006068
486.250000,-0.164363
486.500000,0.267407
486.750000,-0.596941
487.000000,-0.328182
487.250000,-0.155289
487.500000,-0.085359
487.750000,0.384124
488.000000,-0.090036
488.250000,0.037363
488.500000,0.570699
488.750000,0.361239
489.000000,0.294497
489.250000,0.234089
489.500000,0.318050
489.750000,0.149388
490.000000,0.959912
490.250000,-0.104541
490.500000,0.027267
490.750000,0.253998
491.000000,-0.140420
491.250000,-0.130922
491.500000,-0.363730
491.750000,-0.608685
492.000000,-0.094229
492.250000,-0.279037
492.500000,-0.654801
492.750000,-0.331190
493.000000,-0.365411
493.250000,0.037128
493.500000,0.042940
493.750000,-0.061088
494.000000,0.184510
494.250000,0.845138
494.500000,0.236382
494.750000,0.077682
495.000000,0.068867
495.250000,-0.412000
495.500000,0.321046
495.750000,0.565511
496.000000,-0.130413
496.250000,0.057511
496.500000,0.301665
496.750000,0.162021
497.000000,-0.640099
497.250000,-0.354889
497.500000,0.524819
497.750000,0.164365
498.000000,0.018607
498.250000,-0.289888
498.500000,0.552176
498.750000,-0.105912
499.000000,-0.614694
499.250000,-0.124010
499.500000,0.479674
499.750000,0.518889
500.000000,-0.384441
500.250000,-0.092811
500.500000,0.432555
500.750000,0.415735
501.000000,-0.300756
501.250000,0.327662
501.500000,0.527851
501.750000,0.342506
502.000000,-0.371497
502.250000,-0.137942
502.500000,0.946476
502.750000,0.203656
503.000000,-0.072504
503.250000,-0.256902
503.500000,0.501921
503.750000,0.087391
504.000000,-0.701005
504.250000,-0.348622
504.500000,0.315505
504.750000,0.264051
505.000000,-0.258347
505.250000,0.079320
505.500000,0.311797
505.750000,0.088160
506.000000,-1.178097
506.250000,-0.478922
506.500000,0.197486
506.750000,0.227380
507.000000,-0.218608
507.250000,-0.602598
507.500000,0.069766
507.750000,-0.644874
508.000000,-0.881106
508.250000,-0.460748
508.500000,0.470304
508.750000,0.414352
509.000000,-0.131772
509.250000,-0.098563
509.500000,0.462509
509.750000,0.209117
510.000000,-0.518176
510.250000,-0.140266
510.500000,-0.025964
510.750000,0.235988
511.000000,-0.606609
511.250000,-0.411622
511.500000,-0.149707
511.750000,-0.716652
512.000000,-0.834770
512.250000,-0.577892
512.500000,0.450460
512.750000,0.253301
513.000000,-0.202798
513.250000,-0.173903
513.500000,0.329109
513.750000,0.175634
514.000000,0.083342
514.250000,0.189129
514.500000,0.328781
514.750000,-0.076552
515.000000,-0.907763
515.250000,-0.240441
515.500000,-0.064220
515.750000,-0.002860
516.000000,-0.440117
516.250000,-0.198350
516.500000,0.474852
516.750000,0.099243
517.000000,-0.002045
517.250000,0.242752
517.500000,0.847257
517.750000,0.621376
518.000000,0.295555
518.250000,0.395080
518.500000,0.652261
518.750000,-0.068445
519.000000,-0.537010
519.250000,-0.105648
519.500000,0.374459
519.750000,0.597133
520.000000,-0.155253
520.250000,0.303366
520.500000,0.444685
520.750000,0.192319
521.000000,0.090016
521.250000,0.422879
521.500000,1.260069
521.750000,0.823065
522.000000,0.193569
522.250000,-0.039758
522.500000,0.135056
522.750000,-0.263196
523.000000,-0.551202
523.250000,-0.354117
523.500000,0.312255
523.750000,0.110262
524.000000,-0.466405
524.250000,-0.079207
524.500000,0.005642
524.750000,0.396850
525.000000,-0.017509
525.250000,-0.059260
525.500000,-0.833526
525.750000,-0.503198
526.000000,-0.275210
526.250000,-0.429933
526.500000,-0.246281
526.750000,-0.335768
527.000000,-0.200715
527.250000,-0.225792
527.500000,0.061377
527.750000,-0.144532
528.000000,0.356653
528.250000,0.272512
528.500000,0.123843
528.750000,0.838626
529.000000,0.416561
529.250000,0.056682
529.500000,0.036950
529.750000,-0.201961
530.000000,-0.082079
530.250000,-0.286898
530.500000,-0.753830
530.750000,-0.016818
531.000000,-0.074857
531.250000,-0.157768
531.500000,-0.237598
531.750000,-0.059873
532.000000,-0.023393
532.250000,0.095695
532.500000,-0.295715
532.750000,-0.100014
533.000000,0.460159
533.250000,0.481337
533.500000,0.646956
533.750000,0.307704
534.000000,0.578457
534.250000,0.349837
534.500000,0.464993
534.750000,-0.155603
535.000000,0.009776
535.250000,0.006831
535.500000,0.083653
535.750000,-0.094670
536.000000,-0.091467
536.250000,-0.165287
536.500000,0.168490
536.750000,0.043380
537.000000,-0.397405
537.250000,-0.245153
537.500000,0.128563
537.750000,0.445542
538.000000,0.292558
538.250000,0.465580
538.500000,0.412276
538.750000,1.111420
539.000000,0.575130
539.250000,0.095689
539.500000,0.685425
539.750000,0.216734
540.000000,0.344539
540.250000,0.308782
540.500000,-0.412589
540.750000,0.480943
541.000000,0.104908
541.250000,-0.252996
541.500000,0.125175
541.750000,-0.508832
542.000000,0.183345
542.250000,0.139217
542.500000,0.155622
542.750000,-0.120725
543.000000,0.195083
543.250000,0.522720
543.500000,0.082270
543.750000,0.426013
544.000000,-0.158200
544.250000,0.356421
544.500000,1.248127
544.750000,-0.282015
545.000000,0.547561
545.250000,1.004616
545.500000,0.033275
545.750000,1.144940
546.000000,-1.152771
546.250000,-0.206448
546.500000,0.410858
546.750000,-0.901222
547.000000,-0.265289
547.250000,-0.255311
547.500000,-0.106896
547.750000,0.525992
548.000000,-0.123032
548.250000,-0.118868
548.500000,0.373679
548.750000,0.166369
549.000000,-0.044517
549.250000,0.015684
549.500000,0.174349
549.750000,0.078328
550.000000,1.017241
550.250000,0.015385
550.500000,-0.013459
550.750000,0.380150
551.000000,-0.280313
551.250000,0.038893
551.500000,-0.549194
551.750000,-0.853877
552.000000,0.022568
552.250000,-0.233328
552.500000,-0.573082
552.750000,-0.214467
553.000000,-0.113546
553.250000,0.071734
553.500000,0.054240
553.750000,-0.271506
554.000000,-0.039869
554.250000,0.747528
554.500000,0.064058
554.750000,0.153422
555.000000,0.148162
555.250000,-0.187909
555.500000,0.586899
555.750000,0.850190
556.000000,-0.277868
556.250000,-0.159421
556.500000,0.126070
556.750000,-0.036276
557.000000,-0.860041
557.250000,-0.573421
557.500000,0.502158
557.750000,0.038077
558.000000,-0.164845
558.250000,-0.360899
558.500000,0.745632
558.750000,0.068962
559.000000,-0.542354
559.250000,-0.185863
559.500000,0.668915
559.750000,0.578550
560.000000,-0.579638
560.250000,-0.374889
560.500000,0.043746
560.750000,0.244465
561.000000,-0.589501
561.250000,0.131589
561.500000,0.526758
561.750000,0.380437
562.000000,-0.286134
562.250000,-0.164735
562.500000,1.084025
562.750000,0.302111
563.000000,0.111492
563.250000,-0.138730
563.500000,0.741840
563.750000,0.053970
564.000000,-0.830552
564.250000,-0.662604
564.500000,0.095321
564.750000,0.164358
565.000000,-0.476782
565.250000,0.021427
565.500000,0.213884
565.750000,0.185931
566.000000,-0.949961
566.250000,-0.138841
566.500000,0.423554
566.750000,0.377039
567.000000,-0.191678
567.250000,-0.325304
567.500000,0.362956
567.750000,-0.482085
568.000000,-0.895135
568.250000,-0.548830
568.500000,0.576334
568.750000,0.451318
569.000000,-0.049577
569.250000,0.056039
569.500000,0.636620
569.750000,0.448349
570.000000,-0.231386
570.250000,0.360457
570.500000,0.562083
570.750000,0.523586
571.000000,-0.551288
571.250000,-0.244291
571.500000,0.002329
571.750000,-0.496010
572.000000,-0.905666
572.250000,-0.499766
572.500000,0.573750
572.750000,0.257503
573.000000,-0.297993
573.250000,-0.313815
573.500000,0.516768
573.750000,0.284227
574.000000,0.177881
574.250000,0.258170
574.500000,0.544510
574.750000,-0.014933
575.000000,-0.985804
575.250000,-0.463857
575.500000,-0.178989
575.750000,-0.154911
576.000000,-0.730122
576.250000,-0.278715
576.500000,0.479317
576.750000,0.098978
577.000000,-0.269408
577.250000,-0.086053
577.500000,0.733733
577.750000,0.691854
578.000000,0.314494
578.250000,0.311550
578.500000,0.487075
578.750000,-0.203223
579.000000,-0.750951
579.250000,-0.348209
579.500000,0.193928
579.750000,0.261868
580.000000,-0.426590
580.250000,0.011135
580.500000,0.348595
580.750000,0.142041
581.000000,-0.111177
581.250000,0.165000
581.500000,1.022198
581.750000,0.609932
582.000000,-0.007092
582.250000,-0.272032
582.500000,-0.191585
582.750000,-0.549152
583.000000,-0.880152
583.250000,-0.522390
583.500000,0.048590
583.750000,-0.137028
584.000000,-0.701237
584.250000,-0.241960
584.500000,0.058011
584.750000,0.288672
585.000000,-0.000886
585.250000,0.475400
585.500000,1.124031
585.750000,0.553554
586.000000,0.012677
586.250000,-0.353704
586.500000,0.090830
586.750000,-0.087027
587.000000,-0.293823
587.250000,-0.151734
587.500000,0.209060
587.750000,-0.176436
588.000000,-0.457638
588.250000,-0.156702
588.500000,0.327135
588.750000,0.571038
589.000000,-0.109391
589.250000,0.499864
589.500000,0.352455
589.750000,0.213479
590.000000,-0.565068
590.250000,-0.557564
590.500000,0.104140
590.750000,-0.043285
591.000000,-0.202401
591.250000,-0.490897
591.500000,-0.162886
591.750000,-0.491739
592.000000,-0.333968
592.250000,-0.045786
592.500000,0.750827
592.750000,0.500757
593.000000,-0.058948
593.250000,0.040932
593.500000,-0.069867
593.750000,0.163126
594.000000,-0.705245
594.250000,-0.138408
594.500000,0.129012
594.750000,0.282711
595.000000,-0.137326
595.250000,-0.418553
595.500000,-0.042434
595.750000,-0.170825
596.000000,0.141486
596.250000,0.285003
596.500000,1.121868
596.750000,0.448314
597.000000,0.182778
597.250000,-0.340053
597.500000,0.179813
597.750000,0.148777
598.000000,-0.271884
598.250000,0.051169
598.500000,-0.039584
598.750000,0.239196
599.000000,-0.592654
599.250000,-0.353736
599.500000,-0.074356
599.750000,0.194911
600.000000,-0.012154
